Split,GroundTruth_CD,Predicted_CD,Error
Training,23.973108291625977,12.439465522766113,11.533642768859863
Validation,21.310657501220703,10.967982292175293,10.34267520904541
Training,21.156164169311523,10.04447078704834,11.111693382263184
Validation,21.089384078979492,10.498162269592285,10.591221809387207
Training,20.812105178833008,12.215869903564453,8.596235275268555
Training,20.55266571044922,10.604222297668457,9.948443412780762
Training,20.514192581176758,12.155718803405762,8.358473777770996
Validation,20.46432876586914,10.514673233032227,9.949655532836914
Validation,20.22803497314453,11.1716890335083,9.05634593963623
Training,20.224773406982422,10.735111236572266,9.489662170410156
Training,19.92948341369629,11.934686660766602,7.9947967529296875
Training,19.88433837890625,11.252863883972168,8.631474494934082
Training,19.84674072265625,11.22873306274414,8.61800765991211
Training,19.816024780273438,11.24776840209961,8.568256378173828
Validation,19.805356979370117,11.401412010192871,8.403944969177246
Training,19.762449264526367,12.010519981384277,7.75192928314209
Training,19.595703125,10.466179847717285,9.129523277282715
Training,19.525854110717773,12.21384334564209,7.312010765075684
Training,19.50672721862793,11.629611015319824,7.8771162033081055
Training,19.504833221435547,10.696465492248535,8.808367729187012
Training,19.460018157958984,10.645295143127441,8.814723014831543
Training,19.44529151916504,11.586398124694824,7.858893394470215
Training,19.39533042907715,12.510050773620605,6.885279655456543
Validation,19.384815216064453,11.985411643981934,7.3994035720825195
Training,19.378219604492188,10.462821006774902,8.915398597717285
Training,19.353906631469727,11.362456321716309,7.991450309753418
Training,19.279361724853516,12.228065490722656,7.051296234130859
Training,19.238813400268555,10.802876472473145,8.43593692779541
Training,19.231555938720703,12.054376602172852,7.177179336547852
Validation,19.22227668762207,11.94832706451416,7.27394962310791
Training,19.21575927734375,10.278443336486816,8.937315940856934
Training,19.126556396484375,12.941546440124512,6.185009956359863
Validation,19.057344436645508,11.050268173217773,8.007076263427734
Validation,19.040019989013672,11.720026969909668,7.319993019104004
Training,19.011619567871094,9.319099426269531,9.692520141601562
Training,18.965608596801758,9.442242622375488,9.52336597442627
Training,18.880529403686523,10.036860466003418,8.843668937683105
Training,18.835735321044922,11.284331321716309,7.551403999328613
Training,18.756694793701172,9.883397102355957,8.873297691345215
Training,18.740440368652344,9.114282608032227,9.626157760620117
Training,18.666040420532227,9.58767032623291,9.078370094299316
Training,18.632854461669922,10.137408256530762,8.49544620513916
Training,18.50713539123535,10.376002311706543,8.131133079528809
Validation,18.50168228149414,12.209040641784668,6.292641639709473
Training,18.484766006469727,10.517520904541016,7.967245101928711
Training,18.478050231933594,9.054262161254883,9.423788070678711
Training,18.457767486572266,10.530871391296387,7.926896095275879
Validation,18.406164169311523,12.561863899230957,5.844300270080566
Training,18.354400634765625,9.94477653503418,8.409624099731445
Training,18.34918785095215,9.761969566345215,8.587218284606934
Training,18.332006454467773,10.669547080993652,7.662459373474121
Training,18.32720375061035,10.7446928024292,7.582510948181152
Training,18.256790161132812,11.383450508117676,6.873339653015137
Validation,18.233505249023438,13.100895881652832,5.1326093673706055
Training,18.222518920898438,12.45422649383545,5.768292427062988
Validation,18.216564178466797,11.36988353729248,6.846680641174316
Training,18.198402404785156,11.184788703918457,7.013613700866699
Training,18.196563720703125,11.660143852233887,6.536419868469238
Validation,18.195512771606445,11.678833961486816,6.516678810119629
Training,18.186235427856445,9.726394653320312,8.459840774536133
Training,18.162466049194336,11.232901573181152,6.929564476013184
Validation,18.15544319152832,10.733004570007324,7.422438621520996
Training,18.152660369873047,9.771666526794434,8.380993843078613
Training,18.14429473876953,10.443215370178223,7.701079368591309
Validation,18.116655349731445,9.41584300994873,8.700812339782715
Training,18.108896255493164,9.567841529846191,8.541054725646973
Training,18.094097137451172,11.55547046661377,6.538626670837402
Training,18.0733585357666,11.420228004455566,6.653130531311035
Training,18.046672821044922,9.057316780090332,8.98935604095459
Training,18.046661376953125,12.515535354614258,5.531126022338867
Validation,18.02732276916504,9.07361888885498,8.953703880310059
Training,18.017812728881836,12.4777250289917,5.540087699890137
Validation,18.003047943115234,10.541792869567871,7.461255073547363
Training,18.002670288085938,12.546177864074707,5.4564924240112305
Training,17.9853515625,9.985346794128418,8.000004768371582
Training,17.970855712890625,9.184459686279297,8.786396026611328
Training,17.960851669311523,11.0518217086792,6.909029960632324
Validation,17.937620162963867,13.040732383728027,4.89688777923584
Training,17.934123992919922,10.186108589172363,7.748015403747559
Training,17.926118850708008,10.984822273254395,6.941296577453613
Training,17.920780181884766,12.779492378234863,5.141287803649902
Training,17.905338287353516,12.784214973449707,5.121123313903809
Training,17.88800811767578,12.032940864562988,5.855067253112793
Training,17.851226806640625,9.514657020568848,8.336569786071777
Training,17.846288681030273,8.909523963928223,8.93676471710205
Training,17.809446334838867,12.150238990783691,5.659207344055176
Training,17.798168182373047,12.28229808807373,5.515870094299316
Training,17.785072326660156,10.669241905212402,7.115830421447754
Validation,17.78243064880371,9.783143043518066,7.9992876052856445
Training,17.777421951293945,12.024117469787598,5.753304481506348
Validation,17.764976501464844,12.923293113708496,4.841683387756348
Validation,17.76300621032715,10.124423027038574,7.638583183288574
Training,17.76263999938965,9.575434684753418,8.18720531463623
Validation,17.760196685791016,10.116510391235352,7.643686294555664
Validation,17.755155563354492,10.058297157287598,7.6968584060668945
Training,17.737756729125977,11.615303039550781,6.122453689575195
Validation,17.72736930847168,12.014262199401855,5.713107109069824
Training,17.724163055419922,11.745176315307617,5.978986740112305
Training,17.709068298339844,10.422636985778809,7.286431312561035
Training,17.6931095123291,11.031682014465332,6.6614274978637695
Training,17.688648223876953,13.022948265075684,4.6656999588012695
Training,17.68747329711914,9.437191009521484,8.250282287597656
Training,17.686386108398438,11.58536434173584,6.101021766662598
Training,17.683483123779297,10.74562931060791,6.937853813171387
Training,17.655542373657227,10.725728988647461,6.929813385009766
Training,17.651338577270508,10.948445320129395,6.702893257141113
Training,17.628658294677734,11.82689380645752,5.801764488220215
Training,17.614749908447266,10.37951374053955,7.235236167907715
Training,17.601320266723633,11.078042030334473,6.52327823638916
Training,17.596477508544922,11.355595588684082,6.24088191986084
Training,17.595930099487305,12.079205513000488,5.516724586486816
Training,17.595117568969727,12.244657516479492,5.350460052490234
Training,17.57465934753418,11.503846168518066,6.070813179016113
Validation,17.57084846496582,9.921677589416504,7.649170875549316
Training,17.565317153930664,11.647377967834473,5.917939186096191
Training,17.56041717529297,10.790019035339355,6.770398139953613
Validation,17.542905807495117,12.17735481262207,5.365550994873047
Training,17.5062198638916,10.531722068786621,6.9744977951049805
Validation,17.50213050842285,9.763409614562988,7.738720893859863
Training,17.484373092651367,10.381772994995117,7.10260009765625
Validation,17.483251571655273,11.002979278564453,6.48027229309082
Validation,17.481645584106445,10.172942161560059,7.308703422546387
Validation,17.481191635131836,11.338557243347168,6.142634391784668
Training,17.480504989624023,11.939432144165039,5.541072845458984
Validation,17.472333908081055,9.529152870178223,7.943181037902832
Training,17.443119049072266,10.058135032653809,7.384984016418457
Training,17.438058853149414,12.677873611450195,4.760185241699219
Training,17.430957794189453,11.475683212280273,5.95527458190918
Validation,17.404359817504883,10.04478931427002,7.359570503234863
Training,17.386737823486328,10.3027982711792,7.083939552307129
Training,17.377037048339844,10.223641395568848,7.153395652770996
Validation,17.369625091552734,11.513216972351074,5.85640811920166
Training,17.341068267822266,10.707056045532227,6.634012222290039
Training,17.33365249633789,10.571327209472656,6.762325286865234
Training,17.330060958862305,10.13548755645752,7.194573402404785
Training,17.288997650146484,9.850253105163574,7.43874454498291
Training,17.284101486206055,11.873687744140625,5.41041374206543
Validation,17.283432006835938,10.21009349822998,7.073338508605957
Training,17.280006408691406,12.310358047485352,4.969648361206055
Training,17.257465362548828,11.029803276062012,6.227662086486816
Validation,17.24411392211914,11.764008522033691,5.480105400085449
Training,17.22947883605957,12.907174110412598,4.322304725646973
Validation,17.224599838256836,9.934531211853027,7.290068626403809
Training,17.1898193359375,10.188260078430176,7.001559257507324
Training,17.182716369628906,10.747663497924805,6.435052871704102
Training,17.18060874938965,12.478861808776855,4.701746940612793
Training,17.167699813842773,10.873978614807129,6.2937211990356445
Training,17.141216278076172,9.806793212890625,7.334423065185547
Training,17.1367130279541,11.230420112609863,5.906292915344238
Training,17.123929977416992,10.582934379577637,6.5409955978393555
Training,17.097291946411133,10.788037300109863,6.3092546463012695
Training,17.06974220275879,11.298739433288574,5.771002769470215
Training,17.068384170532227,11.936992645263672,5.131391525268555
Training,17.055818557739258,11.380181312561035,5.675637245178223
Training,17.042997360229492,11.862871170043945,5.180126190185547
Training,17.011220932006836,9.752888679504395,7.258332252502441
Validation,16.965673446655273,11.391408920288086,5.5742645263671875
Training,16.964826583862305,10.635472297668457,6.329354286193848
Training,16.9488468170166,9.694415092468262,7.25443172454834
Training,16.94721031188965,9.982908248901367,6.964302062988281
Training,16.941049575805664,13.154026985168457,3.787022590637207
Validation,16.935020446777344,11.200919151306152,5.734101295471191
Training,16.933971405029297,10.016464233398438,6.917507171630859
Training,16.926176071166992,10.023669242858887,6.9025068283081055
Validation,16.924776077270508,12.166260719299316,4.758515357971191
Training,16.901439666748047,11.291008949279785,5.610430717468262
Training,16.866565704345703,12.465221405029297,4.401344299316406
Training,16.860008239746094,10.02619457244873,6.833813667297363
Training,16.84431266784668,14.128033638000488,2.7162790298461914
Training,16.834922790527344,11.587803840637207,5.247118949890137
Training,16.823162078857422,10.302115440368652,6.5210466384887695
Training,16.810022354125977,9.899796485900879,6.910225868225098
Training,16.80872917175293,10.963058471679688,5.845670700073242
Training,16.808422088623047,10.861809730529785,5.946612358093262
Training,16.80522918701172,10.294785499572754,6.510443687438965
Training,16.783451080322266,10.146809577941895,6.636641502380371
Training,16.781070709228516,12.026732444763184,4.754338264465332
Training,16.768220901489258,11.188345909118652,5.5798749923706055
Validation,16.75971221923828,10.472504615783691,6.28720760345459
Training,16.754730224609375,10.107514381408691,6.647215843200684
Training,16.738346099853516,12.0630464553833,4.675299644470215
Training,16.736055374145508,11.620489120483398,5.115566253662109
Training,16.7193660736084,12.399457931518555,4.319908142089844
Training,16.716205596923828,12.972179412841797,3.7440261840820312
Training,16.705291748046875,9.525952339172363,7.179339408874512
Training,16.68250846862793,11.80721378326416,4.8752946853637695
Training,16.67751121520996,11.242144584655762,5.435366630554199
Training,16.67240333557129,10.570130348205566,6.102272987365723
Training,16.67164421081543,10.3712158203125,6.30042839050293
Training,16.66754150390625,11.427660942077637,5.239880561828613
Training,16.666257858276367,10.679688453674316,5.986569404602051
Training,16.658939361572266,12.347197532653809,4.311741828918457
Validation,16.649015426635742,10.631636619567871,6.017378807067871
Training,16.635629653930664,12.020515441894531,4.615114212036133
Validation,16.62623405456543,11.552437782287598,5.073796272277832
Validation,16.624027252197266,11.522566795349121,5.1014604568481445
Validation,16.621110916137695,12.499173164367676,4.1219377517700195
Training,16.610679626464844,11.044102668762207,5.566576957702637
Training,16.59490203857422,10.698201179504395,5.896700859069824
Validation,16.593029022216797,12.117920875549316,4.4751081466674805
Training,16.584739685058594,11.747523307800293,4.837216377258301
Training,16.579843521118164,12.219338417053223,4.360505104064941
Training,16.573284149169922,9.837550163269043,6.735733985900879
Training,16.571500778198242,11.642378807067871,4.929121971130371
Training,16.558246612548828,9.771601676940918,6.78664493560791
Training,16.55223846435547,11.109932899475098,5.442305564880371
Training,16.548873901367188,11.745911598205566,4.802962303161621
Validation,16.523836135864258,10.195045471191406,6.328790664672852
Validation,16.50364875793457,12.94189167022705,3.5617570877075195
Training,16.500551223754883,9.598052978515625,6.902498245239258
Training,16.496482849121094,10.944650650024414,5.55183219909668
Training,16.475210189819336,11.860976219177246,4.61423397064209
Training,16.46089744567871,12.076276779174805,4.384620666503906
Validation,16.446632385253906,10.599883079528809,5.846749305725098
Training,16.433984756469727,9.8884859085083,6.545498847961426
Training,16.390907287597656,10.816596031188965,5.574311256408691
Training,16.369932174682617,12.110883712768555,4.2590484619140625
Training,16.364643096923828,9.581409454345703,6.783233642578125
Training,16.353830337524414,10.993626594543457,5.360203742980957
Training,16.34192657470703,11.965330123901367,4.376596450805664
Training,16.341270446777344,11.232377052307129,5.108893394470215
Validation,16.34052276611328,9.856432914733887,6.4840898513793945
Training,16.32198143005371,11.37381649017334,4.948164939880371
Training,16.31903648376465,11.402693748474121,4.916342735290527
Training,16.311941146850586,10.952546119689941,5.3593950271606445
Training,16.299720764160156,11.357345581054688,4.942375183105469
Training,16.27459144592285,11.281386375427246,4.9932050704956055
Training,16.274477005004883,9.526871681213379,6.747605323791504
Validation,16.258901596069336,10.76367473602295,5.495226860046387
Validation,16.256895065307617,11.507088661193848,4.7498064041137695
Training,16.254287719726562,9.766327857971191,6.487959861755371
Training,16.24770736694336,9.219761848449707,7.027945518493652
Training,16.246868133544922,11.570021629333496,4.676846504211426
Training,16.232425689697266,9.342616081237793,6.889809608459473
Training,16.220731735229492,10.636015892028809,5.584715843200684
Training,16.22052574157715,11.468676567077637,4.751849174499512
Training,16.215408325195312,12.200516700744629,4.014891624450684
Training,16.17902946472168,12.4803466796875,3.6986827850341797
Validation,16.175498962402344,11.18850040435791,4.986998558044434
Validation,16.16796875,9.582274436950684,6.585694313049316
Validation,16.15363121032715,11.011378288269043,5.1422529220581055
Training,16.14716339111328,12.024065971374512,4.1230974197387695
Training,16.132726669311523,10.297053337097168,5.8356733322143555
Training,16.124666213989258,11.277702331542969,4.846963882446289
Validation,16.110023498535156,9.587004661560059,6.523018836975098
Training,16.109560012817383,11.175074577331543,4.93448543548584
Training,16.095537185668945,11.548535346984863,4.547001838684082
Training,16.08266830444336,10.808722496032715,5.2739458084106445
Training,16.07745933532715,11.913371086120605,4.164088249206543
Training,16.07659149169922,12.186549186706543,3.890042304992676
Training,16.069129943847656,11.295910835266113,4.773219108581543
Training,16.059406280517578,12.518815994262695,3.540590286254883
Training,16.04823112487793,9.951205253601074,6.0970258712768555
Training,16.03743553161621,12.588236808776855,3.4491987228393555
Training,16.013946533203125,11.740848541259766,4.273097991943359
Training,16.003734588623047,11.397242546081543,4.606492042541504
Training,15.998040199279785,10.32017993927002,5.677860260009766
Training,15.995983123779297,11.144780158996582,4.851202964782715
Training,15.994603157043457,11.68638801574707,4.308215141296387
Training,15.992168426513672,11.617388725280762,4.37477970123291
Training,15.990030288696289,10.285284996032715,5.704745292663574
Training,15.980473518371582,10.106555938720703,5.873917579650879
Training,15.972661972045898,9.726310729980469,6.24635124206543
Validation,15.971708297729492,12.724413871765137,3.2472944259643555
Validation,15.970535278320312,11.295302391052246,4.675232887268066
Validation,15.963671684265137,9.625956535339355,6.337715148925781
Training,15.959451675415039,11.719279289245605,4.240172386169434
Validation,15.954154968261719,10.072798728942871,5.881356239318848
Training,15.942224502563477,12.062729835510254,3.8794946670532227
Training,15.938197135925293,10.45352840423584,5.484668731689453
Training,15.929347038269043,10.708776473999023,5.2205705642700195
Training,15.925742149353027,10.54752254486084,5.3782196044921875
Validation,15.921632766723633,10.854408264160156,5.067224502563477
Training,15.91504192352295,10.76910400390625,5.145937919616699
Training,15.911073684692383,10.821167945861816,5.089905738830566
Validation,15.90822696685791,11.328398704528809,4.579828262329102
Training,15.886220932006836,9.608818054199219,6.277402877807617
Training,15.880457878112793,10.206690788269043,5.67376708984375
Training,15.879060745239258,13.0265531539917,2.8525075912475586
Training,15.87158489227295,11.67943000793457,4.192154884338379
Training,15.858741760253906,9.720861434936523,6.137880325317383
Training,15.85782241821289,10.645167350769043,5.212655067443848
Training,15.840400695800781,11.016520500183105,4.823880195617676
Training,15.806036949157715,11.28925609588623,4.516780853271484
Validation,15.796564102172852,11.888534545898438,3.908029556274414
Training,15.762174606323242,10.19542121887207,5.566753387451172
Training,15.758768081665039,11.437249183654785,4.321518898010254
Training,15.756717681884766,10.447607040405273,5.309110641479492
Training,15.742825508117676,10.987299919128418,4.755525588989258
Training,15.738397598266602,10.97958755493164,4.758810043334961
Training,15.737311363220215,11.34200668334961,4.3953046798706055
Training,15.726125717163086,10.81899642944336,4.907129287719727
Training,15.725306510925293,12.320046424865723,3.4052600860595703
Validation,15.712247848510742,11.020895957946777,4.691351890563965
Validation,15.71213150024414,10.09658432006836,5.615547180175781
Validation,15.70996379852295,9.958372116088867,5.751591682434082
Training,15.695868492126465,11.114493370056152,4.5813751220703125
Training,15.693974494934082,10.705620765686035,4.988353729248047
Training,15.672635078430176,10.88850212097168,4.784132957458496
Training,15.671734809875488,10.066938400268555,5.604796409606934
Training,15.636006355285645,10.38898754119873,5.247018814086914
Training,15.633776664733887,10.90417194366455,4.729604721069336
Training,15.632871627807617,10.058292388916016,5.574579238891602
Training,15.632755279541016,10.320761680603027,5.311993598937988
Training,15.631877899169922,10.936969757080078,4.694908142089844
Training,15.628087043762207,9.930022239685059,5.698064804077148
Training,15.622797012329102,11.048417091369629,4.574379920959473
Training,15.622257232666016,10.694852828979492,4.927404403686523
Training,15.621746063232422,11.072745323181152,4.5490007400512695
Validation,15.619061470031738,10.761345863342285,4.857715606689453
Training,15.613265991210938,9.170422554016113,6.442843437194824
Training,15.612116813659668,10.594528198242188,5.0175886154174805
Training,15.599306106567383,12.016438484191895,3.5828676223754883
Training,15.596599578857422,11.899084091186523,3.6975154876708984
Training,15.596282005310059,10.630288124084473,4.965993881225586
Training,15.595337867736816,9.732400894165039,5.862936973571777
Training,15.591019630432129,11.7869234085083,3.804096221923828
Training,15.591011047363281,8.976813316345215,6.614197731018066
Training,15.582310676574707,11.972439765930176,3.6098709106445312
Training,15.570651054382324,11.504475593566895,4.06617546081543
Training,15.56295108795166,9.99631404876709,5.56663703918457
Validation,15.556031227111816,9.037105560302734,6.518925666809082
Training,15.536437034606934,10.075337409973145,5.461099624633789
Validation,15.497714042663574,10.748546600341797,4.749167442321777
Training,15.494065284729004,11.972439765930176,3.521625518798828
Validation,15.486367225646973,10.678122520446777,4.808244705200195
Training,15.4793119430542,10.707123756408691,4.772188186645508
Training,15.46558952331543,9.694168090820312,5.771421432495117
Training,15.46306037902832,10.054423332214355,5.408637046813965
Training,15.45603084564209,10.581032752990723,4.874998092651367
Validation,15.455554008483887,10.881699562072754,4.573854446411133
Training,15.45246410369873,10.929970741271973,4.522493362426758
Training,15.440951347351074,10.82004451751709,4.620906829833984
Training,15.426753044128418,10.639459609985352,4.787293434143066
Training,15.42434310913086,10.664984703063965,4.7593584060668945
Training,15.399178504943848,9.793363571166992,5.6058149337768555
Training,15.382342338562012,10.66591739654541,4.716424942016602
Training,15.37309741973877,11.051213264465332,4.3218841552734375
Training,15.371508598327637,9.910042762756348,5.461465835571289
Training,15.370083808898926,12.477263450622559,2.892820358276367
Training,15.353218078613281,10.29817008972168,5.055047988891602
Training,15.34684944152832,11.97673511505127,3.370114326477051
Training,15.345520973205566,11.117338180541992,4.228182792663574
Training,15.32207202911377,10.7217435836792,4.60032844543457
Training,15.302847862243652,10.250227928161621,5.052619934082031
Training,15.272741317749023,10.159552574157715,5.113188743591309
Validation,15.269744873046875,10.834546089172363,4.435198783874512
Training,15.262364387512207,10.14700984954834,5.115354537963867
Training,15.254868507385254,9.903450965881348,5.351417541503906
Training,15.245858192443848,10.502580642700195,4.743277549743652
Training,15.202313423156738,13.126082420349121,2.076231002807617
Training,15.189139366149902,10.890585899353027,4.298553466796875
Training,15.169147491455078,11.673165321350098,3.4959821701049805
Validation,15.15313720703125,12.321673393249512,2.8314638137817383
Validation,15.150382041931152,10.682703018188477,4.467679023742676
Training,15.143402099609375,12.235177993774414,2.908224105834961
Training,15.135825157165527,11.03962230682373,4.096202850341797
Validation,15.135534286499023,10.710371971130371,4.425162315368652
Training,15.131608009338379,10.101557731628418,5.030050277709961
Validation,15.129386901855469,10.887181282043457,4.242205619812012
Training,15.091115951538086,10.463375091552734,4.627740859985352
Training,15.078628540039062,10.743006706237793,4.3356218338012695
Training,15.07736873626709,10.656508445739746,4.420860290527344
Validation,15.077337265014648,11.836148262023926,3.2411890029907227
Training,15.058019638061523,11.098288536071777,3.959731101989746
Training,15.052421569824219,9.79753589630127,5.254885673522949
Training,15.0497407913208,12.934830665588379,2.114910125732422
Validation,15.028671264648438,10.645447731018066,4.383223533630371
Validation,15.025842666625977,9.815746307373047,5.21009635925293
Validation,14.99878215789795,12.217957496643066,2.780824661254883
Training,14.972339630126953,11.184210777282715,3.7881288528442383
Training,14.946300506591797,11.22580623626709,3.720494270324707
Training,14.946300506591797,11.474173545837402,3.4721269607543945
Training,14.9413480758667,10.706645011901855,4.234703063964844
Validation,14.929071426391602,11.35250473022461,3.576566696166992
Training,14.87978458404541,11.049338340759277,3.830446243286133
Validation,14.878580093383789,10.63248062133789,4.246099472045898
Training,14.873282432556152,10.87573528289795,3.997547149658203
Training,14.866873741149902,10.927094459533691,3.939779281616211
Training,14.859712600708008,11.629542350769043,3.230170249938965
Training,14.824872970581055,10.872544288635254,3.952328681945801
Training,14.802886009216309,11.068767547607422,3.7341184616088867
Training,14.798761367797852,11.17426872253418,3.624492645263672
Validation,14.771061897277832,11.217595100402832,3.553466796875
Training,14.768899917602539,12.850224494934082,1.918675422668457
Training,14.727187156677246,12.202479362487793,2.524707794189453
Training,14.69411849975586,11.47488784790039,3.2192306518554688
Validation,14.653657913208008,12.003960609436035,2.6496973037719727
Training,14.636689186096191,13.15478515625,1.4819040298461914
Training,14.611875534057617,12.92685317993164,1.6850223541259766
Validation,14.594893455505371,10.84221363067627,3.7526798248291016
Validation,14.5897855758667,10.405537605285645,4.184247970581055
Training,14.589154243469238,10.589492797851562,3.999661445617676
Training,14.581713676452637,11.30212688446045,3.2795867919921875
Training,14.54311752319336,11.176299095153809,3.366818428039551
Training,14.521689414978027,11.583281517028809,2.9384078979492188
Training,14.489526748657227,12.467370986938477,2.02215576171875
Training,14.435982704162598,11.317448616027832,3.1185340881347656
Training,14.43245792388916,9.891778945922852,4.540678977966309
Training,14.431270599365234,11.603775978088379,2.8274946212768555
Training,14.41502571105957,11.253161430358887,3.1618642807006836
Training,14.395345687866211,10.852952003479004,3.542393684387207
Training,14.33143138885498,12.125859260559082,2.2055721282958984
Training,14.16030502319336,12.034790992736816,2.125514030456543
Training,14.002009391784668,11.791178703308105,2.2108306884765625
Training,13.962358474731445,12.30325984954834,1.6590986251831055
Training,13.94583511352539,10.73215389251709,3.213681221008301
Training,13.898902893066406,12.099334716796875,1.7995681762695312
Training,13.757018089294434,10.492888450622559,3.264129638671875
Training,13.742815971374512,10.762261390686035,2.9805545806884766
Training,13.574492454528809,11.338961601257324,2.2355308532714844
Training,13.564862251281738,10.34894847869873,3.215913772583008
Training,13.559126853942871,10.527491569519043,3.031635284423828
Training,13.548019409179688,10.692584037780762,2.855435371398926
Training,13.474108695983887,12.235533714294434,1.2385749816894531
Training,13.415634155273438,11.119832038879395,2.295802116394043
Validation,13.355353355407715,12.24763011932373,1.1077232360839844
Training,13.344698905944824,11.685248374938965,1.6594505310058594
Training,13.276252746582031,11.536799430847168,1.7394533157348633
Training,13.259225845336914,10.671767234802246,2.587458610534668
Training,13.199361801147461,9.8909273147583,3.30843448638916
Training,13.070451736450195,10.81700325012207,2.253448486328125
Training,12.953569412231445,10.396717071533203,2.556852340698242
Training,12.628226280212402,11.096603393554688,1.5316228866577148
Training,12.587869644165039,11.281228065490723,1.3066415786743164
Training,12.52930736541748,11.577474594116211,0.9518327713012695
Training,12.507345199584961,11.09068775177002,1.4166574478149414
Training,12.133834838867188,11.713593482971191,0.4202413558959961
Training,11.614627838134766,11.56460952758789,0.050018310546875
Training,9.958005905151367,10.998513221740723,1.0405073165893555
Training,9.52688217163086,10.595099449157715,1.0682172775268555
Training,9.099810600280762,10.812553405761719,1.712742805480957
